dataset,column,variance,unique_count,total_count,unique_ratio,most_common_ratio,freq_ratio,is_zero_variance,is_near_zero_variance
touch_events,timestamp,1.95794316240945e+17,9293,9303,0.9989250779318499,0.0003224766204450177,1.5,False,False
touch_events,timestampMs,2.843692904604735e+17,8792,9303,0.945071482317532,0.00042996882726002364,2.0,False,False
touch_events,sessionID,26.851092555088833,5,9303,0.0005374610340750295,0.22057400838439215,1.0996784565916398,False,True
touch_events,orientation,0.0,1,9303,0.00010749220681500591,1.0,0.0,True,False
touch_events,repeatNo,26.851092555088833,5,9303,0.0005374610340750295,0.22057400838439215,1.0996784565916398,False,True
touch_events,x,66301.31712653123,3713,9303,0.39911856390411693,0.003439750618080189,1.103448275862069,False,False
touch_events,y,65451.70916506073,3448,9303,0.3706331290981404,0.0029022895840051595,1.0384615384615385,False,False
touch_events,major,6.609954751713742,73,9303,0.007846931097495432,0.14446952595936793,1.282442748091603,False,True
touch_events,minor,5.507822927827805,58,9303,0.006234547995270343,0.2269160485864775,2.702944942381562,False,True
touch_events,pressure,0.0,1,9303,0.00010749220681500591,1.0,0.0,True,False
touch_events,size,0.00017064954987136555,40,9303,0.004299688272600236,0.1488767064387832,1.109775641025641,False,True
touch_events,action,0.6166719511416373,3,9303,0.0003224766204450177,0.6304417929700097,3.411867364746946,False,True
touch_events,targetInput,0.0,1,9303,0.00010749220681500591,1.0,0.0,True,False
sensor_data,timestamp,8.429353472795243e+16,300820,641751,0.46874878262753,2.337355142415049e-05,1.6666666666666667,False,False
sensor_data,timestampMs,1.8960376936328726e+17,235859,641751,0.36752416435658064,0.00010751833655109225,1.1129032258064515,False,False
sensor_data,sessionID,27.575920859117996,5,641751,7.791183808050163e-06,0.27173779238365037,1.2724407150674937,False,True
sensor_data,orientation,0.0,1,641751,1.5582367616100325e-06,1.0,0.0,True,False
sensor_data,rawX,35.12577207152167,306840,641751,0.4781293679324224,0.0032800883831891185,1.462821403752606,False,False
sensor_data,rawY,66.8852101605082,318404,641699,0.4961890232024672,0.0028767381591680834,1.0335946248600223,False,False
sensor_data,rawZ,173.11370923686857,290828,641699,0.4532156042007234,0.006445389505048317,1.0137254901960784,False,False
sensor_data,rawW,0.08420760285582878,84386,93806,0.8995799842227576,0.0003411295652730103,1.103448275862069,False,False
sensor_data,headingAccuracy,0.22577629422727707,4,93806,4.2641195659126285e-05,0.5013964991578364,1.4549897914991028,False,True
sensor_data,angle,10897.971595868772,4,93749,4.266712178263235e-05,0.6906527002954698,4.002225244158734,False,True
device_info,timestampMs,2.890732976343813e+17,50,50,1.0,0.02,1.0,False,False
device_info,sessionID,27.510204081632658,5,50,0.1,0.2,1.0,False,False
device_info,widthPixels,11902.040816326531,2,50,0.04,0.9,9.0,False,True
device_info,heightPixels,59183.71428571427,7,50,0.14,0.4,4.0,False,False
device_info,density,0.10479113520408163,4,50,0.08,0.4,1.3333333333333333,False,True
device_info,densityDpi,2682.6530612244896,4,50,0.08,0.4,1.3333333333333333,False,True
device_info,orientation,0.0,1,50,0.02,1.0,0.0,True,False
device_info,widthCm,0.052964686341618016,7,50,0.14,0.2,1.0,False,False
device_info,heightCm,0.317591591310421,9,50,0.18,0.2,2.0,False,False
